{
    "avg_prec": 0.463706538926448,
    "roc_auc": 0.9574735176778099
}